timestamp,service,cpu_percent,memory_mb,latency_s,error_rate,requests_total,service_up
1791320589.5772307,payment-service,2.8,214.72999954223633,0.025,0.0,4.0,1.0
1791320589.5772307,cart-service,2.8,214.75999927520752,0.025,0.0,4.0,1.0
1791320589.5772307,frontend,1.2,214.75999927520752,0.025,0.0,5.0,1.0
1791320589.5772307,productcatalog-service,2.8,214.76999950408936,0.025,0.0,4.0,1.0
1791320589.5772307,redis-cart,2.8,214.7799997329712,0.025,0.0,4.0,1.0
1791320590.7544663,payment-service,1.6,214.82999992370605,0.025,0.0,11.0,1.0
1791320590.7544663,cart-service,1.6,214.83999919891357,0.025,0.0,11.0,1.0
1791320590.7544663,frontend,2.0,214.83999919891357,0.025,0.0,12.0,1.0
1791320590.7544663,productcatalog-service,1.6,214.83999919891357,0.025,0.0,11.0,1.0
1791320590.7544663,redis-cart,1.6,214.83999919891357,0.025,0.0,11.0,1.0
1791320591.9219034,payment-service,2.4,214.86999988555908,0.025,0.0,18.0,1.0
1791320591.9219034,cart-service,2.4,214.86999988555908,0.025,0.0,18.0,1.0
1791320591.9219034,frontend,2.8,214.86999988555908,0.025,0.0,19.0,1.0
1791320591.9219034,productcatalog-service,2.4,214.86999988555908,0.025,0.0,18.0,1.0
1791320591.9219034,redis-cart,2.4,214.86999988555908,0.025,0.0,18.0,1.0
1791320593.0750835,payment-service,1.2,214.95999908447266,0.025,0.0,25.0,1.0
1791320593.0750835,cart-service,1.2,214.95999908447266,0.025,0.0,25.0,1.0
1791320593.0750835,frontend,1.6,214.95999908447266,0.025,0.0,26.0,1.0
1791320593.0750835,productcatalog-service,1.2,214.95999908447266,0.025,0.0,25.0,1.0
1791320593.0750835,redis-cart,1.2,214.95999908447266,0.025,0.0,25.0,1.0
1791320594.2112768,payment-service,2.0,214.95999908447266,0.025,0.0,32.0,1.0
1791320594.2112768,cart-service,2.0,214.95999908447266,0.025,0.0,32.0,1.0
1791320594.2112768,frontend,2.4,214.95999908447266,0.025,0.0,33.0,1.0
1791320594.2112768,productcatalog-service,2.4,214.95999908447266,0.025,0.0,33.0,1.0
1791320594.2112768,redis-cart,2.4,214.95999908447266,0.025,0.0,33.0,1.0
1791320595.3970509,payment-service,2.8,214.98999977111816,0.025,0.0,39.0,1.0
1791320595.3970509,cart-service,2.8,214.98999977111816,0.025,0.0,39.0,1.0
1791320595.3970509,frontend,1.6,215.0299997329712,0.025,0.0,41.0,1.0
1791320595.3970509,productcatalog-service,1.2,215.0299997329712,0.025,0.0,40.0,1.0
1791320595.3970509,redis-cart,1.2,215.0299997329712,0.025,0.0,40.0,1.0
1791320596.5575428,payment-service,1.6,215.03999996185303,0.025,0.0,46.0,1.0
1791320596.5575428,cart-service,2.0,215.03999996185303,0.025,0.0,47.0,1.0
1791320596.5575428,frontend,2.4,215.04999923706055,0.025,0.0,48.0,1.0
1791320596.5575428,productcatalog-service,2.0,215.04999923706055,0.025,0.0,47.0,1.0
1791320596.5575428,redis-cart,2.0,215.04999923706055,0.025,0.0,47.0,1.0
1791320597.7507858,payment-service,2.8,215.05999946594238,0.025,0.0,54.0,1.0
1791320597.7507858,cart-service,2.8,215.05999946594238,0.025,0.0,54.0,1.0
1791320597.7507858,frontend,1.2,215.05999946594238,0.025,0.0,55.0,1.0
1791320597.7507858,productcatalog-service,2.8,215.05999946594238,0.025,0.0,54.0,1.0
1791320597.7507858,redis-cart,2.8,215.05999946594238,0.025,0.0,54.0,1.0
1791320598.895647,payment-service,1.6,215.05999946594238,0.025,0.0,61.0,1.0
1791320598.895647,cart-service,1.6,215.05999946594238,0.025,0.0,61.0,1.0
1791320598.895647,frontend,2.0,215.05999946594238,0.025,0.0,62.0,1.0
1791320598.895647,productcatalog-service,1.6,215.05999946594238,0.025,0.0,61.0,1.0
1791320598.895647,redis-cart,1.6,215.05999946594238,0.025,0.0,61.0,1.0
1791320600.014011,payment-service,2.4,215.08999919891357,0.025,0.0,68.0,1.0
1791320600.014011,cart-service,2.4,215.08999919891357,0.025,0.0,68.0,1.0
1791320600.014011,frontend,2.8,215.08999919891357,0.025,0.0,69.0,1.0
1791320600.014011,productcatalog-service,2.4,215.08999919891357,0.025,0.0,68.0,1.0
1791320600.014011,redis-cart,2.8,215.08999919891357,0.025,0.0,69.0,1.0
1791320601.1889093,payment-service,1.2,215.10999965667725,0.025,0.0,75.0,1.0
1791320601.1889093,cart-service,1.2,215.10999965667725,0.025,0.0,75.0,1.0
1791320601.1889093,frontend,2.0,215.10999965667725,0.025,0.0,77.0,1.0
1791320601.1889093,productcatalog-service,1.6,215.10999965667725,0.025,0.0,76.0,1.0
1791320601.1889093,redis-cart,1.6,215.10999965667725,0.025,0.0,76.0,1.0
1791320602.3565774,payment-service,2.0,215.11999988555908,0.025,0.0,82.0,1.0
1791320602.3565774,cart-service,2.4,215.11999988555908,0.025,0.0,83.0,1.0
1791320602.3565774,frontend,2.8,215.11999988555908,0.025,0.0,84.0,1.0
1791320602.3565774,productcatalog-service,2.4,215.11999988555908,0.025,0.0,83.0,1.0
1791320602.3565774,redis-cart,2.4,215.11999988555908,0.025,0.0,83.0,1.0
1791320603.5522058,payment-service,1.2,215.11999988555908,0.025,0.0,90.0,1.0
1791320603.5522058,cart-service,1.2,215.11999988555908,0.025,0.0,90.0,1.0
1791320603.5522058,frontend,1.6,215.11999988555908,0.025,0.0,91.0,1.0
1791320603.5522058,productcatalog-service,1.2,215.11999988555908,0.025,0.0,90.0,1.0
1791320603.5522058,redis-cart,1.2,215.11999988555908,0.025,0.0,90.0,1.0
1791320604.723905,payment-service,2.0,215.1899995803833,0.025,0.0,97.0,1.0
1791320604.723905,cart-service,2.0,215.1899995803833,0.025,0.0,97.0,1.0
1791320604.723905,frontend,2.4,215.1899995803833,0.025,0.0,98.0,1.0
1791320604.723905,productcatalog-service,2.0,215.1899995803833,0.025,0.0,97.0,1.0
1791320604.723905,redis-cart,2.4,215.1899995803833,0.025,0.0,98.0,1.0
1791320605.8908432,payment-service,2.8,215.1899995803833,0.025,0.0,104.0,1.0
1791320605.8908432,cart-service,2.8,215.1899995803833,0.025,0.0,104.0,1.0
1791320605.8908432,frontend,1.6,215.1899995803833,0.025,0.0,106.0,1.0
1791320605.8908432,productcatalog-service,1.2,215.1899995803833,0.025,0.0,105.0,1.0
1791320605.8908432,redis-cart,1.2,215.1899995803833,0.025,0.0,105.0,1.0
1791320607.0981283,payment-service,2.0,215.1899995803833,0.025,0.0,112.0,1.0
1791320607.0981283,cart-service,2.0,215.1899995803833,0.025,0.0,112.0,1.0
1791320607.0981283,frontend,2.4,215.1899995803833,0.025,0.0,113.0,1.0
1791320607.0981283,productcatalog-service,2.0,215.1899995803833,0.025,0.0,112.0,1.0
1791320607.0981283,redis-cart,2.4,215.19999980926514,0.025,0.0,113.0,1.0
1791320608.2707548,payment-service,2.8,215.20999908447266,0.025,0.0,119.0,1.0
1791320608.2707548,cart-service,2.8,215.20999908447266,0.025,0.0,119.0,1.0
1791320608.2707548,frontend,1.2,215.20999908447266,0.025,0.0,120.0,1.0
1791320608.2707548,productcatalog-service,1.2,215.22999954223633,0.025,0.0,120.0,1.0
1791320608.2707548,redis-cart,1.2,215.22999954223633,0.025,0.0,120.0,1.0
1791320609.4401672,payment-service,1.6,215.23999977111816,0.025,0.0,126.0,1.0
1791320609.4401672,cart-service,2.0,215.23999977111816,0.025,0.0,127.0,1.0
1791320609.4401672,frontend,2.4,215.23999977111816,0.025,0.0,128.0,1.0
1791320609.4401672,productcatalog-service,2.0,215.23999977111816,0.025,0.0,127.0,1.0
1791320609.4401672,redis-cart,2.0,215.23999977111816,0.025,0.0,127.0,1.0
1791320610.6672742,payment-service,2.8,215.23999977111816,0.025,0.0,134.0,1.0
1791320610.6672742,cart-service,2.8,215.23999977111816,0.025,0.0,134.0,1.0
1791320610.6672742,frontend,1.2,215.23999977111816,0.025,0.0,135.0,1.0
1791320610.6672742,productcatalog-service,1.2,215.23999977111816,0.025,0.0,135.0,1.0
1791320610.6672742,redis-cart,1.2,215.23999977111816,0.025,0.0,135.0,1.0
1791320611.8401992,payment-service,2.0,215.23999977111816,0.025,0.0,142.0,1.0
1791320611.8401992,cart-service,2.0,215.23999977111816,0.025,0.0,142.0,1.0
1791320611.8401992,frontend,2.4,215.23999977111816,0.025,0.0,143.0,1.0
1791320611.8401992,productcatalog-service,2.0,215.23999977111816,0.025,0.0,142.0,1.0
1791320611.8401992,redis-cart,2.0,215.23999977111816,0.025,0.0,142.0,1.0
1791320613.0238693,payment-service,2.8,215.29999923706055,0.025,0.0,149.0,1.0
1791320613.0238693,cart-service,2.8,215.29999923706055,0.025,0.0,149.0,1.0
1791320613.0238693,frontend,1.2,215.29999923706055,0.025,0.0,150.0,1.0
1791320613.0238693,productcatalog-service,1.2,215.29999923706055,0.025,0.0,150.0,1.0
1791320613.0238693,redis-cart,1.2,215.29999923706055,0.025,0.0,150.0,1.0
1791320614.1929128,payment-service,2.0,215.29999923706055,0.025,0.0,157.0,1.0
1791320614.1929128,cart-service,2.0,215.29999923706055,0.025,0.0,157.0,1.0
1791320614.1929128,frontend,2.4,215.29999923706055,0.025,0.0,158.0,1.0
1791320614.1929128,productcatalog-service,2.0,215.29999923706055,0.025,0.0,157.0,1.0
1791320614.1929128,redis-cart,2.0,215.30999946594238,0.025,0.0,157.0,1.0
1791320615.3647335,payment-service,2.8,215.30999946594238,0.025,0.0,164.0,1.0
1791320615.3647335,cart-service,2.8,215.30999946594238,0.025,0.0,164.0,1.0
1791320615.3647335,frontend,1.2,215.30999946594238,0.025,0.0,165.0,1.0
1791320615.3647335,productcatalog-service,2.8,215.30999946594238,0.025,0.0,164.0,1.0
1791320615.3647335,redis-cart,2.8,215.30999946594238,0.025,0.0,164.0,1.0
1791320616.5376031,payment-service,1.6,215.33999919891357,0.025,0.0,171.0,1.0
1791320616.5376031,cart-service,1.6,215.33999919891357,0.025,0.0,171.0,1.0
1791320616.5376031,frontend,2.0,215.33999919891357,0.025,0.0,172.0,1.0
1791320616.5376031,productcatalog-service,1.6,215.3499994277954,0.025,0.0,171.0,1.0
1791320616.5376031,redis-cart,1.6,215.3499994277954,0.025,0.0,171.0,1.0
1791320617.6816893,payment-service,2.4,215.36999988555908,0.025,0.0,178.0,1.0
1791320617.6816893,cart-service,2.4,215.36999988555908,0.025,0.0,178.0,1.0
1791320617.6816893,frontend,1.2,215.36999988555908,0.025,0.0,180.0,1.0
1791320617.6816893,productcatalog-service,2.8,215.36999988555908,0.025,0.0,179.0,1.0
1791320617.6816893,redis-cart,2.8,215.36999988555908,0.025,0.0,179.0,1.0
1791320618.8509357,payment-service,1.2,215.36999988555908,0.025,0.0,185.0,1.0
1791320618.8509357,cart-service,1.2,215.36999988555908,0.025,0.0,185.0,1.0
1791320618.8509357,frontend,2.0,215.3799991607666,0.025,0.0,187.0,1.0
1791320618.8509357,productcatalog-service,1.6,215.3799991607666,0.025,0.0,186.0,1.0
1791320618.8509357,redis-cart,1.6,215.3799991607666,0.025,0.0,186.0,1.0
1791320620.03878,payment-service,2.0,215.3799991607666,0.025,0.0,192.0,1.0
1791320620.03878,cart-service,2.4,215.3799991607666,0.025,0.0,193.0,1.0
1791320620.03878,frontend,2.8,215.3799991607666,0.025,0.0,194.0,1.0
1791320620.03878,productcatalog-service,2.4,215.3799991607666,0.025,0.0,193.0,1.0
1791320620.03878,redis-cart,2.4,215.3799991607666,0.025,0.0,193.0,1.0
1791320621.2041156,payment-service,1.2,215.4399995803833,0.025,0.0,200.0,1.0
1791320621.2041156,cart-service,1.2,215.4399995803833,0.025,0.0,200.0,1.0
1791320621.2041156,frontend,1.6,215.4399995803833,0.025,0.0,201.0,1.0
1791320621.2041156,productcatalog-service,1.2,215.4399995803833,0.025,0.0,200.0,1.0
1791320621.2041156,redis-cart,1.2,215.4399995803833,0.025,0.0,200.0,1.0
1791320622.3751874,payment-service,2.0,215.4399995803833,0.025,0.0,207.0,1.0
1791320622.3751874,cart-service,2.0,215.4399995803833,0.025,0.0,207.0,1.0
1791320622.3751874,frontend,2.4,215.4399995803833,0.025,0.0,208.0,1.0
1791320622.3751874,productcatalog-service,2.0,215.4399995803833,0.025,0.0,207.0,1.0
1791320622.3751874,redis-cart,2.0,215.4399995803833,0.025,0.0,207.0,1.0
1791320623.5285237,payment-service,2.8,215.4399995803833,0.025,0.0,214.0,1.0
1791320623.5285237,cart-service,2.8,215.4399995803833,0.025,0.0,214.0,1.0
1791320623.5285237,frontend,1.2,215.4399995803833,0.025,0.0,215.0,1.0
1791320623.5285237,productcatalog-service,2.8,215.4399995803833,0.025,0.0,214.0,1.0
1791320623.5285237,redis-cart,2.8,215.4399995803833,0.025,0.0,214.0,1.0
1791320624.6568918,payment-service,1.6,215.4399995803833,0.025,0.0,221.0,1.0
1791320624.6568918,cart-service,1.6,215.4399995803833,0.025,0.0,221.0,1.0
1791320624.6568918,frontend,2.0,215.4399995803833,0.025,0.0,222.0,1.0
1791320624.6568918,productcatalog-service,1.6,215.4399995803833,0.025,0.0,221.0,1.0
1791320624.6568918,redis-cart,2.0,215.4399995803833,0.025,0.0,222.0,1.0
1791320625.8228486,payment-service,2.4,215.44999980926514,0.025,0.0,228.0,1.0
1791320625.8228486,cart-service,2.8,215.44999980926514,0.025,0.0,229.0,1.0
1791320625.8228486,frontend,1.2,215.44999980926514,0.025,0.0,230.0,1.0
1791320625.8228486,productcatalog-service,2.8,215.44999980926514,0.025,0.0,229.0,1.0
1791320625.8228486,redis-cart,2.8,215.44999980926514,0.025,0.0,229.0,1.0
1791320626.990165,payment-service,1.6,215.4699993133545,0.025,0.0,236.0,1.0
1791320626.990165,cart-service,1.6,215.4699993133545,0.025,0.0,236.0,1.0
1791320626.990165,frontend,2.0,215.4699993133545,0.025,0.0,237.0,1.0
1791320626.990165,productcatalog-service,1.6,215.4699993133545,0.025,0.0,236.0,1.0
1791320626.990165,redis-cart,1.6,215.4699993133545,0.025,0.0,236.0,1.0
1791320628.1670446,payment-service,2.4,215.4699993133545,0.025,0.0,243.0,1.0
1791320628.1670446,cart-service,2.4,215.4699993133545,0.025,0.0,243.0,1.0
1791320628.1670446,frontend,2.8,215.4699993133545,0.025,0.0,244.0,1.0
1791320628.1670446,productcatalog-service,2.4,215.4699993133545,0.025,0.0,243.0,1.0
1791320628.1670446,redis-cart,2.4,215.4699993133545,0.025,0.0,243.0,1.0
1791320629.325091,payment-service,1.2,215.4699993133545,0.025,0.0,250.0,1.0
1791320629.325091,cart-service,1.2,215.4699993133545,0.025,0.0,250.0,1.0
1791320629.325091,frontend,1.6,215.4699993133545,0.025,0.0,251.0,1.0
1791320629.325091,productcatalog-service,1.2,215.4699993133545,0.025,0.0,250.0,1.0
1791320629.325091,redis-cart,1.2,215.4699993133545,0.025,0.0,250.0,1.0
1791320630.4678435,payment-service,2.0,215.4699993133545,0.025,0.0,257.0,1.0
1791320630.4678435,cart-service,2.0,215.4699993133545,0.025,0.0,257.0,1.0
1791320630.4678435,frontend,2.4,215.4699993133545,0.025,0.0,258.0,1.0
1791320630.4678435,productcatalog-service,2.4,215.47999954223633,0.025,0.0,258.0,1.0
1791320630.4678435,redis-cart,2.4,215.47999954223633,0.025,0.0,258.0,1.0
1791320631.6470602,payment-service,2.8,215.51999950408936,0.025,0.0,264.0,1.0
1791320631.6470602,cart-service,2.8,215.51999950408936,0.025,0.0,264.0,1.0
1791320631.6470602,frontend,1.2,215.5299997329712,0.025,0.0,265.0,1.0
1791320631.6470602,productcatalog-service,1.2,215.53999996185303,0.025,0.0,265.0,1.0
1791320631.6470602,redis-cart,1.2,215.53999996185303,0.025,0.0,265.0,1.0
1791320632.8156943,payment-service,1.6,215.53999996185303,0.025,0.0,271.0,1.0
1791320632.8156943,cart-service,1.6,215.53999996185303,0.025,0.0,271.0,1.0
1791320632.8156943,frontend,2.4,215.53999996185303,0.025,0.0,273.0,1.0
1791320632.8156943,productcatalog-service,2.0,215.53999996185303,0.025,0.0,272.0,1.0
1791320632.8156943,redis-cart,2.0,215.53999996185303,0.025,0.0,272.0,1.0
1791320634.0053852,payment-service,2.8,215.55999946594238,0.025,0.0,279.0,1.0
1791320634.0053852,cart-service,2.8,215.55999946594238,0.025,0.0,279.0,1.0
1791320634.0053852,frontend,1.2,215.55999946594238,0.025,0.0,280.0,1.0
1791320634.0053852,productcatalog-service,2.8,215.55999946594238,0.025,0.0,279.0,1.0
1791320634.0053852,redis-cart,2.8,215.55999946594238,0.025,0.0,279.0,1.0
1791320635.1829097,payment-service,1.6,215.56999969482422,0.025,0.0,286.0,1.0
1791320635.1829097,cart-service,1.6,215.56999969482422,0.025,0.0,286.0,1.0
1791320635.1829097,frontend,2.0,215.56999969482422,0.025,0.0,287.0,1.0
1791320635.1829097,productcatalog-service,1.6,215.56999969482422,0.025,0.0,286.0,1.0
1791320635.1829097,redis-cart,2.0,215.56999969482422,0.025,0.0,287.0,1.0
1791320636.0407047,payment-service,2.8,218.17999935150146,0.025,0.0,289.0,1.0
1791320636.0407047,cart-service,2.8,218.17999935150146,0.025,0.0,289.0,1.0
1791320636.0407047,frontend,1.6,218.17999935150146,0.85,0.0,291.0,1.0
1791320636.0407047,productcatalog-service,1.2,218.17999935150146,0.025,0.0,290.0,1.0
1791320636.0407047,redis-cart,1.2,218.17999935150146,0.025,0.0,290.0,1.0
1791320638.080322,payment-service,2.0,218.17999935150146,0.025,0.0,292.0,1.0
1791320638.080322,cart-service,2.0,218.17999935150146,0.025,0.0,292.0,1.0
1791320638.080322,frontend,2.8,218.17999935150146,0.85,0.0,294.0,1.0
1791320638.080322,productcatalog-service,2.4,218.17999935150146,0.025,0.0,293.0,1.0
1791320638.080322,redis-cart,2.4,218.17999935150146,0.025,0.0,293.0,1.0
1791320640.1673255,payment-service,1.2,218.17999935150146,0.025,0.0,295.0,1.0
1791320640.1673255,cart-service,1.2,218.17999935150146,0.025,0.0,295.0,1.0
1791320640.1673255,frontend,2.0,218.17999935150146,0.85,0.0,297.0,1.0
1791320640.1673255,productcatalog-service,1.6,218.17999935150146,0.025,0.0,296.0,1.0
1791320640.1673255,redis-cart,1.6,218.17999935150146,0.025,0.0,296.0,1.0
1791320642.1993754,payment-service,2.4,218.1599998474121,0.025,0.0,298.0,1.0
1791320642.1993754,cart-service,2.4,218.1599998474121,0.025,0.0,298.0,1.0
1791320642.1993754,frontend,1.2,218.1599998474121,0.85,0.0,300.0,1.0
1791320642.1993754,productcatalog-service,2.8,218.1599998474121,0.025,0.0,299.0,1.0
1791320642.1993754,redis-cart,2.8,218.1599998474121,0.025,0.0,299.0,1.0
1791320644.2359254,payment-service,1.6,218.1599998474121,0.025,0.0,301.0,1.0
1791320644.2359254,cart-service,1.6,218.1599998474121,0.025,0.0,301.0,1.0
1791320644.2359254,frontend,2.4,219.1599998474121,0.85,0.0,303.0,1.0
1791320644.2359254,productcatalog-service,2.0,219.1599998474121,0.025,0.0,302.0,1.0
1791320644.2359254,redis-cart,2.0,219.1599998474121,0.025,0.0,302.0,1.0
1791320646.3068452,payment-service,2.8,219.31999969482422,0.025,0.0,304.0,1.0
1791320646.3068452,cart-service,2.8,219.31999969482422,0.025,0.0,304.0,1.0
1791320646.3068452,frontend,1.6,219.31999969482422,0.85,0.0,306.0,1.0
1791320646.3068452,productcatalog-service,1.2,219.31999969482422,0.025,0.0,305.0,1.0
1791320646.3068452,redis-cart,1.2,219.31999969482422,0.025,0.0,305.0,1.0
1791320648.586039,payment-service,94.6,252.25,0.025,0.0,309.0,1.0
1791320648.586039,cart-service,2.8,252.25,0.025,0.0,309.0,1.0
1791320648.586039,frontend,1.2,252.25,0.025,0.0,310.0,1.0
1791320648.586039,productcatalog-service,2.8,252.25,0.025,0.0,309.0,1.0
1791320648.586039,redis-cart,1.2,252.25,0.025,0.0,310.0,1.0
1791320649.8836374,payment-service,94.6,252.25999927520752,0.025,0.0,316.0,1.0
1791320649.8836374,cart-service,1.6,252.25999927520752,0.025,0.0,316.0,1.0
1791320649.8836374,frontend,2.0,252.25999927520752,0.025,0.0,317.0,1.0
1791320649.8836374,productcatalog-service,1.6,252.25999927520752,0.025,0.0,316.0,1.0
1791320649.8836374,redis-cart,2.0,252.25999927520752,0.025,0.0,317.0,1.0
1791320651.1091187,payment-service,94.6,252.26999950408936,0.025,0.0,323.0,1.0
1791320651.1091187,cart-service,2.4,252.26999950408936,0.025,0.0,323.0,1.0
1791320651.1091187,frontend,2.8,252.26999950408936,0.025,0.0,324.0,1.0
1791320651.1091187,productcatalog-service,2.4,252.26999950408936,0.025,0.0,323.0,1.0
1791320651.1091187,redis-cart,2.4,252.26999950408936,0.025,0.0,323.0,1.0
1791320652.281448,payment-service,94.6,252.29999923706055,0.025,0.0,329.0,1.0
1791320652.281448,cart-service,1.2,252.30999946594238,0.025,0.0,330.0,1.0
1791320652.281448,frontend,1.6,252.30999946594238,0.025,0.0,331.0,1.0
1791320652.281448,productcatalog-service,1.2,252.30999946594238,0.025,0.0,330.0,1.0
1791320652.281448,redis-cart,1.2,252.30999946594238,0.025,0.0,330.0,1.0
1791320653.4910214,payment-service,94.6,252.30999946594238,0.025,0.0,337.0,1.0
1791320653.4910214,cart-service,2.0,252.30999946594238,0.025,0.0,337.0,1.0
1791320653.4910214,frontend,2.4,252.30999946594238,0.025,0.0,338.0,1.0
1791320653.4910214,productcatalog-service,2.0,252.30999946594238,0.025,0.0,337.0,1.0
1791320653.4910214,redis-cart,2.0,252.30999946594238,0.025,0.0,337.0,1.0
1791320654.6481187,payment-service,94.6,252.30999946594238,0.025,0.0,344.0,1.0
1791320654.6481187,cart-service,2.8,252.30999946594238,0.025,0.0,344.0,1.0
1791320654.6481187,frontend,1.2,252.30999946594238,0.025,0.0,345.0,1.0
1791320654.6481187,productcatalog-service,2.8,252.30999946594238,0.025,0.0,344.0,1.0
1791320654.6481187,redis-cart,1.2,252.30999946594238,0.025,0.0,345.0,1.0
1791320775.2811546,payment-service,1.2,220.56999969482422,0.025,0.0,680.0,1.0
1791320775.2811546,cart-service,1.6,220.56999969482422,0.025,0.0,681.0,1.0
1791320775.2811546,frontend,2.0,220.56999969482422,0.025,0.0,682.0,1.0
1791320775.2811546,productcatalog-service,1.6,220.56999969482422,0.025,0.0,681.0,1.0
1791320775.2811546,redis-cart,1.6,220.56999969482422,0.025,0.0,681.0,1.0
1791320776.4459662,payment-service,2.4,220.56999969482422,0.025,0.0,688.0,1.0
1791320776.4459662,cart-service,2.4,220.56999969482422,0.025,0.0,688.0,1.0
1791320776.4459662,frontend,2.8,220.56999969482422,0.025,0.0,689.0,1.0
1791320776.4459662,productcatalog-service,2.4,220.56999969482422,0.025,0.0,688.0,1.0
1791320776.4459662,redis-cart,2.4,220.56999969482422,0.025,0.0,688.0,1.0
1791320777.6294286,payment-service,1.2,220.56999969482422,0.025,0.0,695.0,1.0
1791320777.6294286,cart-service,1.2,220.56999969482422,0.025,0.0,695.0,1.0
1791320777.6294286,frontend,1.6,220.56999969482422,0.025,0.0,696.0,1.0
1791320777.6294286,productcatalog-service,1.2,220.56999969482422,0.025,0.0,695.0,1.0
1791320777.6294286,redis-cart,1.2,220.56999969482422,0.025,0.0,695.0,1.0
1791320778.7711706,payment-service,2.0,220.56999969482422,0.025,0.0,702.0,1.0
1791320778.7711706,cart-service,2.0,220.56999969482422,0.025,0.0,702.0,1.0
1791320778.7711706,frontend,2.4,220.56999969482422,0.025,0.0,703.0,1.0
1791320778.7711706,productcatalog-service,2.0,220.56999969482422,0.025,0.0,702.0,1.0
1791320778.7711706,redis-cart,2.0,220.56999969482422,0.025,0.0,702.0,1.0
1791320779.9279099,payment-service,2.8,220.56999969482422,0.025,0.0,709.0,1.0
1791320779.9279099,cart-service,2.8,220.56999969482422,0.025,0.0,709.0,1.0
1791320779.9279099,frontend,1.2,220.56999969482422,0.025,0.0,710.0,1.0
1791320779.9279099,productcatalog-service,2.8,220.56999969482422,0.025,0.0,709.0,1.0
1791320779.9279099,redis-cart,2.8,220.56999969482422,0.025,0.0,709.0,1.0
1791320781.092102,payment-service,1.6,220.56999969482422,0.025,0.0,716.0,1.0
1791320781.092102,cart-service,1.6,220.56999969482422,0.025,0.0,716.0,1.0
1791320781.092102,frontend,2.0,220.56999969482422,0.025,0.0,717.0,1.0
1791320781.092102,productcatalog-service,1.6,220.56999969482422,0.025,0.0,716.0,1.0
1791320781.092102,redis-cart,2.0,220.56999969482422,0.025,0.0,717.0,1.0
1791320782.2299335,payment-service,2.4,220.56999969482422,0.025,0.0,723.0,1.0
1791320782.2299335,cart-service,2.4,220.56999969482422,0.025,0.0,723.0,1.0
1791320782.2299335,frontend,2.8,220.56999969482422,0.025,0.0,724.0,1.0
1791320782.2299335,productcatalog-service,2.4,220.56999969482422,0.025,0.0,723.0,1.0
1791320782.2299335,redis-cart,2.8,220.56999969482422,0.025,0.0,724.0,1.0
1791320783.3849988,payment-service,1.2,220.56999969482422,0.025,0.0,730.0,1.0
1791320783.3849988,cart-service,1.2,220.56999969482422,0.025,0.0,730.0,1.0
1791320783.3849988,frontend,1.6,220.56999969482422,0.025,0.0,731.0,1.0
1791320783.3849988,productcatalog-service,1.6,220.56999969482422,0.025,0.0,731.0,1.0
1791320783.3849988,redis-cart,1.6,220.56999969482422,0.025,0.0,731.0,1.0
1791320784.560965,payment-service,2.0,220.56999969482422,0.025,0.0,737.0,1.0
1791320784.560965,cart-service,2.4,220.56999969482422,0.025,0.0,738.0,1.0
1791320784.560965,frontend,2.8,220.56999969482422,0.025,0.0,739.0,1.0
1791320784.560965,productcatalog-service,2.4,220.56999969482422,0.025,0.0,738.0,1.0
1791320784.560965,redis-cart,2.4,220.56999969482422,0.025,0.0,738.0,1.0
1791320785.7244132,payment-service,1.2,220.56999969482422,0.025,0.0,745.0,1.0
1791320785.7244132,cart-service,1.2,220.56999969482422,0.025,0.0,745.0,1.0
1791320785.7244132,frontend,1.6,220.56999969482422,0.025,0.0,746.0,1.0
1791320785.7244132,productcatalog-service,1.2,220.56999969482422,0.025,0.0,745.0,1.0
1791320785.7244132,redis-cart,1.2,220.56999969482422,0.025,0.0,745.0,1.0
1791320786.5839655,payment-service,2.4,264.7299995422363,0.025,0.0,748.0,1.0
1791320786.5839655,cart-service,2.4,264.7299995422363,0.025,0.0,748.0,1.0
1791320786.5839655,frontend,1.2,264.7299995422363,0.85,0.0,750.0,1.0
1791320786.5839655,productcatalog-service,2.8,264.7299995422363,0.025,0.0,749.0,1.0
1791320786.5839655,redis-cart,2.8,264.7299995422363,0.025,0.0,749.0,1.0
1791320788.6257043,payment-service,1.6,264.7299995422363,0.025,0.0,751.0,1.0
1791320788.6257043,cart-service,1.6,264.7299995422363,0.025,0.0,751.0,1.0
1791320788.6257043,frontend,2.4,264.7299995422363,0.85,0.0,753.0,1.0
1791320788.6257043,productcatalog-service,2.0,264.7299995422363,0.025,0.0,752.0,1.0
1791320788.6257043,redis-cart,2.0,264.7299995422363,0.025,0.0,752.0,1.0
1791320790.6512663,payment-service,2.8,264.7299995422363,0.025,0.0,754.0,1.0
1791320790.6512663,cart-service,2.8,264.7299995422363,0.025,0.0,754.0,1.0
1791320790.6512663,frontend,1.6,264.7299995422363,0.85,0.0,756.0,1.0
1791320790.6512663,productcatalog-service,1.2,264.7299995422363,0.025,0.0,755.0,1.0
1791320790.6512663,redis-cart,1.2,264.7299995422363,0.025,0.0,755.0,1.0
1791320792.6925948,payment-service,2.0,264.7299995422363,0.025,0.0,757.0,1.0
1791320792.6925948,cart-service,2.0,264.7299995422363,0.025,0.0,757.0,1.0
1791320792.6925948,frontend,2.8,264.7299995422363,0.85,0.0,759.0,1.0
1791320792.6925948,productcatalog-service,2.4,264.7299995422363,0.025,0.0,758.0,1.0
1791320792.6925948,redis-cart,2.4,264.7299995422363,0.025,0.0,758.0,1.0
